﻿<skin version="1.2" name="QQ Music" url="http://bbs.cenfun.com/" author="CenFun" email="cenfun@gmail.com" mask_color="">
  <option xywh="0C, 70C, 288, 200" src="" mask="" lock="1" display="0" group="A">
    <pane xywh="0, 0, 100P, 100P" align="left" font="宋体" size="12" color="#4C618F, #289101" />
    <scrollbar thumb_src="scrollbar_thumb.png" button_src="scrollbar_button.png" track_src="scrollbar_track.png"/>
	<event type="open" target="list" property="display" value="0" />
    <event type="open" target="lrc" property="display" value="0" />
	<event type="open" target="media" property="display" value="0" />
  </option>
  <list xywh="0C, 70C, 288, 200" src="" mask="" lock="1" display="1" group="A">
    <tree xywh="0, 0, 100P, 100P" align="left" font="宋体" size="12" color="#4C618F, #289101" />
    <scrollbar thumb_src="scrollbar_thumb.png" button_src="scrollbar_button.png" track_src="scrollbar_track.png"/>
	<event type="open" target="option" property="display" value="0" />
    <event type="open" target="lrc" property="display" value="0" />
	<event type="open" target="media" property="display" value="0" />
  </list>
  <lrc xywh="0C, 70C, 288, 200" src="" mask="" lock="1" display="0" group="A">
    <text xywh="0, 0, 100P, 100P" align="center" font="宋体" size="12" color="#4C618F, #289101" />
	<event type="open" target="list" property="display" value="0" />
    <event type="open" target="option" property="display" value="0" />
	<event type="open" target="media" property="display" value="0" />
  </lrc>
  <media xywh="0C, 70C, 288, 200" src="media.swf" mask="" lock="1" display="0" group="A">
    <video xywh="0, 0, 100P, 100P" />
	<event type="open" target="list" property="display" value="0" />
    <event type="open" target="lrc" property="display" value="0" />
	<event type="open" target="option" property="display" value="0" />
  </media>
  <console xywh="0C, 0C, 300, 400" src="console.swf" mask="" lock="0" display="1" group="A">
    <bt_play xywh="33, 113, 27, 22" src="bt_play.png" />
    <bt_stop xywh="60, 113, 28, 22" src="bt_stop.png" />
    <bt_prev xywh="5, 113, 28, 22" src="bt_prev.png" />
    <bt_next xywh="88, 113, 28, 22" src="bt_next.png" />
    <bt_random xywh="33R, 113, 27, 23" src="bt_random.png" />
    <bt_repeat xywh="6R, 113, 27, 23" src="bt_repeat.png" />
    <bt_mute xywh="125, 120, 13, 10" src="bt_mute.png" />
    <volume xywh="142, 120, 86, 10" thumb_src="volume_thumb.png" track_src="volume_track.png" />
    <progress xywh="0C, 92, 280, 7" thumb_src="progress_thumb.png" track_src="progress_track.png" />
    <bt_list xywh="5, 141, 73, 29" src="bt_list.png" />
    <bt_video xywh="78, 141, 72, 29" src="bt_video.png" />
    <bt_lrc xywh="150, 141, 72, 29" src="bt_lrc.png" />
    <bt_option xywh="5R, 141, 73, 29" src="bt_option.png" />
    <bt_fullscreen xywh="8R, 5, 15, 15" src="bt_fullscreen.png"/>
    <title xywh="25, 5, 230, 18" align="left" font="宋体" size="12" color="#2973BC" borderColor="" backgroundColor="" bold="1" />
    <status xywh="12, 67, 165, 18" align="left" font="宋体" size="12" color="#6EC5E8" borderColor="" backgroundColor="" bold="" />
    <time xywh="10R, 63, 125, 20" align="right" font="Arial" size="16" color="#5EB8DD" borderColor="" backgroundColor="" bold="1" />
  </console>
</skin>
