﻿<skin name="酷我电台风格" version="2.0" author="niannian" email="mybsb@qq.com" url="http://bbs.cenfun.com/" mask_color="" show_tips="0.5" context_menu="0">
	<list xywh="-149C, 0C, 188, 205" src="list.png" lock="1" display="0" group="A" fade="0">
		<tree xywh="0, 2, 100P, 2B" color="#666666, #ffffff" bold="0" show_delete="0" show_icon="1"/>
		<scrollbar thumb_src="scrollbar_thumb.png" button_src="scrollbar_button.png" track_src="scrollbar_track.png"/>
	</list>
	<lrc xywh="0C, 30C, 235, 30" src="" mask="" lock="1" display="1" group="A" shadow="1,90,#000000,1,2,2,1,1">
		<text xywh="0, 2, 100P, 2B" align="center" font="微软雅黑" size="12" leading="2" color="#FFFFFF, #23fbfb" horizontal="0" max_scale="2" max_button="0">
		</text>
	</lrc>
	<media xywh="-147C, 7C, 132, 132" src="video.jpg" mouseEnabled="false" lock="1" display="0" group="A">
		<video xywh="1, 1, 1B, 1B" show_icon="1" show_buttons="1"/>
	</media>
	<console xywh="0C, 0C, 422, 136" src="console.png" mask="" lock="1" display="1" group="A" shadow="1,90,#000000,0.3,4,4,1,3">
		<bt_play xywh="-45C, 52C, 13, 17" src="bt_play.png" tips="播放,暂停"/>
		<bt_next xywh="2C, 52C, 13, 17" src="bt_next.png" tips="下一个"/>
		<bt_stop xywh="52C, 52C, 13, 13" src="bt_stop.png" tips="停止"/>
		<bt_mute xywh="30, 10, 10, 11" src="bt_mute.png" tips="静音,打开声音" hover_volume=""/>
		<bt_repeat xywh="30, 32C, 28, 16" src="bt_repeat.png" tips="打开重复,关闭重复"/>
		<bt_random xywh="30, 52C, 28, 16" src="bt_random.png" tips="打开重复,关闭重复"/>
		<volume xywh="46, 10, 107, 12" thumb_src="" track_src="volume_track.png" src="" tips="音量"/>
		<progress xywh="50C, 5C, 264, 8" thumb_src="progress_thumb.png" track_src="progress_track.png" thumb_autohide="false" tips="定位"/>
		<status xywh="70C, -55C, 56, 18" align="left" font="微软雅黑" size="12" color="#FFFFFF" bold="1" shadow="1,90,#000000,0.5,1,1,1,1"/>
		<title xywh="50C, -20C, 250, 30" align="center" font="微软雅黑" size="16" color="#FFFFFF" bold="" borderColor="" shadow="1,90,#000000,1,2,2,1,1"/>
		<time xywh="30R, -55C, 75, 16" align="" font="Arial" size="12" color="#FFFFFF" bold="" shadow="1,90,#000000,0.5,1,1,1,1"/>
		<number xywh="25, 36, 90, 19" src="number.png"/>
	</console>
</skin>