﻿<skin name="酷我电台风格" version="2.0" author="niannian" email="mybsb@qq.com" url="http://bbs.cenfun.com/" mask_color="" show_tips="0.5" context_menu="0">
	<list xywh="-149C, 0C, 188, 205" src="list.png" lock="1" display="0" group="A" fade="0">
		<tree xywh="0, 2, 100P, 2B" color="#666666, #ffffff" bold="0" show_delete="0" show_icon="1"/>
		<scrollbar thumb_src="scrollbar_thumb.png" button_src="scrollbar_button.png" track_src="scrollbar_track.png"/>
	</list>
	<lrc xywh="93C, -5C, 235, 30" src="" mask="" lock="1" display="1" group="A" shadow="1,90,#000000,1,2,2,1,1">
		<text xywh="0, 2, 100P, 2B" align="center" font="微软雅黑" size="14" leading="2" color="#FFFFFF, #23fbfb" horizontal="0" max_scale="2" max_button="0">
		</text>
	</lrc>
	<media xywh="-147C, 7C, 132, 132" src="video.jpg" mouseEnabled="false" lock="1" display="1" group="A">
		<video xywh="1, 1, 1B, 1B" show_icon="1" show_buttons="1"/>
	</media>
	<console xywh="0C, 0C, 487, 207" src="console3.png" mask="" lock="1" display="1" group="A" shadow="1,90,#000000,0.3,4,4,1,3">
		<bt_play xywh="-22C, 50C, 42, 42" src="bt_play.png" tips="播放,暂停"/>
		<bt_next xywh="30C, 50C, 42, 42" src="bt_next.png" tips="下一个"/>
		<bt_list xywh="79C, 50C, 42, 42" src="bt_lrc.png" tips="关闭列表,打开列表"/>
		<bt_mute xywh="120C, 50C, 20, 15" src="bt_mute.png" tips="静音,打开声音" hover_volume=""/>
		<volume xywh="22R, 50C, 90, 8" thumb_src="volume_thumb.png" track_src="volume_track.png" src="" tips="音量"/>
		<progress xywh="95C, -26C, 236, 14" thumb_src="progress_thumb.png" track_src="progress_track.png" thumb_autohide="false" tips="定位"/>
		<status xywh="25R, -85C, 56, 18" align="left" font="微软雅黑" size="12" color="#FFFFFF" bold="1" shadow="1,90,#000000,0.5,1,1,1,1"/>
		<title xywh="70C, -45C, 158, 30" align="left" font="微软雅黑" size="20" color="#FFFFFF" bold="" borderColor="" shadow="1,90,#000000,1,2,2,1,1"/>
		<time xywh="20R, -45C, 75, 16" align="" font="Arial" size="12" color="#FFFFFF" bold="" shadow="1,90,#000000,0.5,1,1,1,1"/>
	</console>
</skin>